source_path,source_relative_path,stage,input_format,decoder_method,status,input_bytes,output_bytes,expected_length,eof_verified,note
/Users/dlev2617/Documents/Code/Agents/github-packages/READY-TO-UPLOAD/PUBLIC/paper-1997-03-a-windowed-transportation-planning-model/data/legacy_encoded_originals/legacy_encoded_originals_20260516.zip::model_setup/bethesda_slate/rf8904e/plt.slect2.Z.z,model_setup/bethesda_slate/rf8904e/plt.slect2.Z.z,1,unix_pack_static_huffman,internal_pack_static_huffman,failed,142500,0,143245,no,too many leaves in pack Huffman tree
/Users/dlev2617/Documents/Code/Agents/github-packages/READY-TO-UPLOAD/PUBLIC/paper-1997-03-a-windowed-transportation-planning-model/data/legacy_encoded_originals/legacy_encoded_originals_20260516.zip::code/legacy/model_setup/bethesda_slate/rf8904e/plt.vcr8904.Z,code/legacy/model_setup/bethesda_slate/rf8904e/plt.vcr8904.Z,1,unix_compress_lzw,internal_compress_lzw,partial,477017,133,,no,compress invalid code 446 with table end 354
/Users/dlev2617/Documents/Code/Agents/github-packages/READY-TO-UPLOAD/PUBLIC/paper-1997-03-a-windowed-transportation-planning-model/data/legacy_encoded_originals/legacy_encoded_originals_20260516.zip::model_setup/bethesda_slate/rf8904e/plt.wis.8904.Z,model_setup/bethesda_slate/rf8904e/plt.wis.8904.Z,1,unix_compress_lzw,internal_compress_lzw,partial,273761,148,,no,compress invalid code 437 with table end 362
/Users/dlev2617/Documents/Code/Agents/github-packages/READY-TO-UPLOAD/PUBLIC/paper-1997-03-a-windowed-transportation-planning-model/data/legacy_encoded_originals/legacy_encoded_originals_20260516.zip::model_setup/bethesda_slate/rf8904e/rep.521dd.Z,model_setup/bethesda_slate/rf8904e/rep.521dd.Z,1,unix_compress_lzw,internal_compress_lzw,partial,8725,2195,,no,compress invalid code 1731 with table end 1105
/Users/dlev2617/Documents/Code/Agents/github-packages/READY-TO-UPLOAD/PUBLIC/paper-1997-03-a-windowed-transportation-planning-model/data/legacy_encoded_originals/legacy_encoded_originals_20260516.zip::model_setup/bethesda_slate/rf8904e/rep.611.Z,model_setup/bethesda_slate/rf8904e/rep.611.Z,1,unix_compress_lzw,internal_compress_lzw,partial,101073,985,,no,compress invalid code 845 with table end 688
/Users/dlev2617/Documents/Code/Agents/github-packages/READY-TO-UPLOAD/PUBLIC/paper-1997-03-a-windowed-transportation-planning-model/data/legacy_encoded_originals/legacy_encoded_originals_20260516.zip::model_setup/bethesda_slate/rf8904e/rep.critical.Z,model_setup/bethesda_slate/rf8904e/rep.critical.Z,1,unix_compress_lzw,internal_compress_lzw,partial,5511,2765,,no,compress invalid code 1449 with table end 1039
/Users/dlev2617/Documents/Code/Agents/github-packages/READY-TO-UPLOAD/PUBLIC/paper-1997-03-a-windowed-transportation-planning-model/data/legacy_encoded_originals/legacy_encoded_originals_20260516.zip::model_setup/bethesda_slate/rf8904e/rep.PAzone.Z,model_setup/bethesda_slate/rf8904e/rep.PAzone.Z,1,unix_compress_lzw,internal_compress_lzw,partial,681,2145,,no,compress invalid code 882 with table end 696
/Users/dlev2617/Documents/Code/Agents/github-packages/READY-TO-UPLOAD/PUBLIC/paper-1997-03-a-windowed-transportation-planning-model/data/legacy_encoded_originals/legacy_encoded_originals_20260516.zip::model_setup/bethesda_slate/rf8904e/rep.sigstat.Z,model_setup/bethesda_slate/rf8904e/rep.sigstat.Z,1,unix_compress_lzw,internal_compress_lzw,partial,68523,101,,no,compress invalid code 323 with table end 321
/Users/dlev2617/Documents/Code/Agents/github-packages/READY-TO-UPLOAD/PUBLIC/paper-1997-03-a-windowed-transportation-planning-model/data/legacy_encoded_originals/legacy_encoded_originals_20260516.zip::model_setup/bethesda_slate/rf8904e/rep.sumtime1.Z,model_setup/bethesda_slate/rf8904e/rep.sumtime1.Z,1,unix_compress_lzw,internal_compress_lzw,complete,653,1213,,yes,compress stream reached clean input exhaustion; no original length field exists
/Users/dlev2617/Documents/Code/Agents/github-packages/READY-TO-UPLOAD/PUBLIC/paper-1997-03-a-windowed-transportation-planning-model/data/legacy_encoded_originals/legacy_encoded_originals_20260516.zip::model_setup/bethesda_slate/rf8904e/rep.sumtime1.Z,model_setup/bethesda_slate/rf8904e/rep.sumtime1.Z,2,unknown,,terminal_plain_or_unknown,1213,1213,,yes,no further pack/compress magic detected
/Users/dlev2617/Documents/Code/Agents/github-packages/READY-TO-UPLOAD/PUBLIC/paper-1997-03-a-windowed-transportation-planning-model/data/legacy_encoded_originals/legacy_encoded_originals_20260516.zip::model_setup/bethesda_slate/rf8904e/rep.turnpen.Z,model_setup/bethesda_slate/rf8904e/rep.turnpen.Z,1,unix_compress_lzw,internal_compress_lzw,complete,275,473,,yes,compress stream reached clean input exhaustion; no original length field exists
/Users/dlev2617/Documents/Code/Agents/github-packages/READY-TO-UPLOAD/PUBLIC/paper-1997-03-a-windowed-transportation-planning-model/data/legacy_encoded_originals/legacy_encoded_originals_20260516.zip::model_setup/bethesda_slate/rf8904e/rep.turnpen.Z,model_setup/bethesda_slate/rf8904e/rep.turnpen.Z,2,unknown,,terminal_plain_or_unknown,473,473,,yes,no further pack/compress magic detected
/Users/dlev2617/Documents/Code/Agents/github-packages/READY-TO-UPLOAD/PUBLIC/paper-1997-03-a-windowed-transportation-planning-model/data/legacy_encoded_originals/legacy_encoded_originals_20260516.zip::model_setup/bethesda_slate/rf8904e/rep.turnvols.Z,model_setup/bethesda_slate/rf8904e/rep.turnvols.Z,1,unix_compress_lzw,internal_compress_lzw,partial,5086,2,,no,compress invalid code 259 with table end 257
/Users/dlev2617/Documents/Code/Agents/github-packages/READY-TO-UPLOAD/PUBLIC/paper-1997-03-a-windowed-transportation-planning-model/data/legacy_encoded_originals/legacy_encoded_originals_20260516.zip::model_setup/bethesda_slate/rf8904e/turnvols.in.Z,model_setup/bethesda_slate/rf8904e/turnvols.in.Z,1,unix_compress_lzw,internal_compress_lzw,partial,22378,235,,no,compress invalid code 441 with table end 362
/Users/dlev2617/Documents/Code/Agents/github-packages/READY-TO-UPLOAD/PUBLIC/paper-1997-03-a-windowed-transportation-planning-model/data/legacy_encoded_originals/legacy_encoded_originals_20260516.zip::model_setup/bethesda_slate/rf9612a/d231.in.Z,model_setup/bethesda_slate/rf9612a/d231.in.Z,1,unix_compress_lzw,internal_compress_lzw,partial,48570,4423,,no,compress invalid code 1743 with table end 1434
/Users/dlev2617/Documents/Code/Agents/github-packages/READY-TO-UPLOAD/PUBLIC/paper-1997-03-a-windowed-transportation-planning-model/data/legacy_encoded_originals/legacy_encoded_originals_20260516.zip::model_setup/bethesda_slate/rf9612a/d231.out.Z,model_setup/bethesda_slate/rf9612a/d231.out.Z,1,unix_compress_lzw,internal_compress_lzw,partial,47085,1184,,no,compress invalid code 874 with table end 684
/Users/dlev2617/Documents/Code/Agents/github-packages/READY-TO-UPLOAD/PUBLIC/paper-1997-03-a-windowed-transportation-planning-model/data/legacy_encoded_originals/legacy_encoded_originals_20260516.zip::model_setup/bethesda_slate/rf9612a/d231.turnpro.Z,model_setup/bethesda_slate/rf9612a/d231.turnpro.Z,1,unix_compress_lzw,internal_compress_lzw,complete,2191,7059,,yes,compress stream reached clean input exhaustion; no original length field exists
/Users/dlev2617/Documents/Code/Agents/github-packages/READY-TO-UPLOAD/PUBLIC/paper-1997-03-a-windowed-transportation-planning-model/data/legacy_encoded_originals/legacy_encoded_originals_20260516.zip::model_setup/bethesda_slate/rf9612a/d231.turnpro.Z,model_setup/bethesda_slate/rf9612a/d231.turnpro.Z,2,unknown,,terminal_plain_or_unknown,7059,7059,,yes,no further pack/compress magic detected
/Users/dlev2617/Documents/Code/Agents/github-packages/READY-TO-UPLOAD/PUBLIC/paper-1997-03-a-windowed-transportation-planning-model/data/legacy_encoded_originals/legacy_encoded_originals_20260516.zip::model_setup/bethesda_slate/rf9612a/externs1.Z,model_setup/bethesda_slate/rf9612a/externs1.Z,1,unix_compress_lzw,internal_compress_lzw,complete,619,994,,yes,compress stream reached clean input exhaustion; no original length field exists
/Users/dlev2617/Documents/Code/Agents/github-packages/READY-TO-UPLOAD/PUBLIC/paper-1997-03-a-windowed-transportation-planning-model/data/legacy_encoded_originals/legacy_encoded_originals_20260516.zip::model_setup/bethesda_slate/rf9612a/externs1.Z,model_setup/bethesda_slate/rf9612a/externs1.Z,2,unknown,,terminal_plain_or_unknown,994,994,,yes,no further pack/compress magic detected
/Users/dlev2617/Documents/Code/Agents/github-packages/READY-TO-UPLOAD/PUBLIC/paper-1997-03-a-windowed-transportation-planning-model/data/legacy_encoded_originals/legacy_encoded_originals_20260516.zip::model_setup/bethesda_slate/rf9612a/externs2.Z,model_setup/bethesda_slate/rf9612a/externs2.Z,1,unix_compress_lzw,internal_compress_lzw,complete,574,903,,yes,compress stream reached clean input exhaustion; no original length field exists
/Users/dlev2617/Documents/Code/Agents/github-packages/READY-TO-UPLOAD/PUBLIC/paper-1997-03-a-windowed-transportation-planning-model/data/legacy_encoded_originals/legacy_encoded_originals_20260516.zip::model_setup/bethesda_slate/rf9612a/externs2.Z,model_setup/bethesda_slate/rf9612a/externs2.Z,2,unknown,,terminal_plain_or_unknown,903,903,,yes,no further pack/compress magic detected
/Users/dlev2617/Documents/Code/Agents/github-packages/READY-TO-UPLOAD/PUBLIC/paper-1997-03-a-windowed-transportation-planning-model/data/legacy_encoded_originals/legacy_encoded_originals_20260516.zip::model_setup/bethesda_slate/rf9612a/plt.diff9689.Z,model_setup/bethesda_slate/rf9612a/plt.diff9689.Z,1,unix_compress_lzw,internal_compress_lzw,partial,490117,133,,no,compress invalid code 446 with table end 354
/Users/dlev2617/Documents/Code/Agents/github-packages/READY-TO-UPLOAD/PUBLIC/paper-1997-03-a-windowed-transportation-planning-model/data/legacy_encoded_originals/legacy_encoded_originals_20260516.zip::model_setup/bethesda_slate/rf9612a/plt.vcr9612.Z,model_setup/bethesda_slate/rf9612a/plt.vcr9612.Z,1,unix_compress_lzw,internal_compress_lzw,partial,519639,133,,no,compress invalid code 446 with table end 354
/Users/dlev2617/Documents/Code/Agents/github-packages/READY-TO-UPLOAD/PUBLIC/paper-1997-03-a-windowed-transportation-planning-model/data/legacy_encoded_originals/legacy_encoded_originals_20260516.zip::model_setup/bethesda_slate/rf9612a/rep.521dd.Z,model_setup/bethesda_slate/rf9612a/rep.521dd.Z,1,unix_compress_lzw,internal_compress_lzw,partial,8790,167,,no,compress invalid code 436 with table end 378
/Users/dlev2617/Documents/Code/Agents/github-packages/READY-TO-UPLOAD/PUBLIC/paper-1997-03-a-windowed-transportation-planning-model/data/legacy_encoded_originals/legacy_encoded_originals_20260516.zip::model_setup/bethesda_slate/rf9612a/rep.611.Z,model_setup/bethesda_slate/rf9612a/rep.611.Z,1,unix_compress_lzw,internal_compress_lzw,partial,104273,5190,,no,compress invalid code 1995 with table end 1825
/Users/dlev2617/Documents/Code/Agents/github-packages/READY-TO-UPLOAD/PUBLIC/paper-1997-03-a-windowed-transportation-planning-model/data/legacy_encoded_originals/legacy_encoded_originals_20260516.zip::model_setup/bethesda_slate/rf9612a/rep.critical.Z,model_setup/bethesda_slate/rf9612a/rep.critical.Z,1,unix_compress_lzw,internal_compress_lzw,partial,5580,1566,,no,compress invalid code 868 with table end 756
/Users/dlev2617/Documents/Code/Agents/github-packages/READY-TO-UPLOAD/PUBLIC/paper-1997-03-a-windowed-transportation-planning-model/data/legacy_encoded_originals/legacy_encoded_originals_20260516.zip::model_setup/bethesda_slate/rf9612a/rep.PAzone.Z,model_setup/bethesda_slate/rf9612a/rep.PAzone.Z,1,unix_compress_lzw,internal_compress_lzw,partial,696,2140,,no,compress invalid code 857 with table end 708
/Users/dlev2617/Documents/Code/Agents/github-packages/READY-TO-UPLOAD/PUBLIC/paper-1997-03-a-windowed-transportation-planning-model/data/legacy_encoded_originals/legacy_encoded_originals_20260516.zip::model_setup/bethesda_slate/rf9612a/rep.sigstat.Z,model_setup/bethesda_slate/rf9612a/rep.sigstat.Z,1,unix_compress_lzw,internal_compress_lzw,partial,69483,101,,no,compress invalid code 323 with table end 321
/Users/dlev2617/Documents/Code/Agents/github-packages/READY-TO-UPLOAD/PUBLIC/paper-1997-03-a-windowed-transportation-planning-model/data/legacy_encoded_originals/legacy_encoded_originals_20260516.zip::model_setup/bethesda_slate/rf9612a/rep.sumtime1.Z,model_setup/bethesda_slate/rf9612a/rep.sumtime1.Z,1,unix_compress_lzw,internal_compress_lzw,complete,651,1220,,yes,compress stream reached clean input exhaustion; no original length field exists
/Users/dlev2617/Documents/Code/Agents/github-packages/READY-TO-UPLOAD/PUBLIC/paper-1997-03-a-windowed-transportation-planning-model/data/legacy_encoded_originals/legacy_encoded_originals_20260516.zip::model_setup/bethesda_slate/rf9612a/rep.sumtime1.Z,model_setup/bethesda_slate/rf9612a/rep.sumtime1.Z,2,unknown,,terminal_plain_or_unknown,1220,1220,,yes,no further pack/compress magic detected
/Users/dlev2617/Documents/Code/Agents/github-packages/READY-TO-UPLOAD/PUBLIC/paper-1997-03-a-windowed-transportation-planning-model/data/legacy_encoded_originals/legacy_encoded_originals_20260516.zip::model_setup/bethesda_slate/rf9612a/rep.turnpen.Z,model_setup/bethesda_slate/rf9612a/rep.turnpen.Z,1,unix_compress_lzw,internal_compress_lzw,partial,272,167,,no,compress invalid code 436 with table end 378
/Users/dlev2617/Documents/Code/Agents/github-packages/READY-TO-UPLOAD/PUBLIC/paper-1997-03-a-windowed-transportation-planning-model/data/legacy_encoded_originals/legacy_encoded_originals_20260516.zip::model_setup/bethesda_slate/rf9612a/rep.turnvols.Z,model_setup/bethesda_slate/rf9612a/rep.turnvols.Z,1,unix_compress_lzw,internal_compress_lzw,partial,5305,2,,no,compress invalid code 259 with table end 257
/Users/dlev2617/Documents/Code/Agents/github-packages/READY-TO-UPLOAD/PUBLIC/paper-1997-03-a-windowed-transportation-planning-model/data/legacy_encoded_originals/legacy_encoded_originals_20260516.zip::model_setup/bethesda_slate/rf9612a/statistics.Z,model_setup/bethesda_slate/rf9612a/statistics.Z,1,unix_compress_lzw,internal_compress_lzw,partial,553,1226,,no,compress invalid code 852 with table end 680
/Users/dlev2617/Documents/Code/Agents/github-packages/READY-TO-UPLOAD/PUBLIC/paper-1997-03-a-windowed-transportation-planning-model/data/legacy_encoded_originals/legacy_encoded_originals_20260516.zip::model_setup/bethesda_slate/rf9612a/turnvols.in.Z,model_setup/bethesda_slate/rf9612a/turnvols.in.Z,1,unix_compress_lzw,internal_compress_lzw,partial,22567,3575,,no,compress invalid code 1488 with table end 1215
/Users/dlev2617/Documents/Code/Agents/github-packages/READY-TO-UPLOAD/PUBLIC/paper-1997-03-a-windowed-transportation-planning-model/data/legacy_encoded_originals/legacy_encoded_originals_20260516.zip::model_setup/bethesda_slate/rf9613a/d231.in.Z,model_setup/bethesda_slate/rf9613a/d231.in.Z,1,unix_compress_lzw,internal_compress_lzw,partial,48894,3928,,no,compress invalid code 1468 with table end 1313
/Users/dlev2617/Documents/Code/Agents/github-packages/READY-TO-UPLOAD/PUBLIC/paper-1997-03-a-windowed-transportation-planning-model/data/legacy_encoded_originals/legacy_encoded_originals_20260516.zip::model_setup/bethesda_slate/rf9613a/d231.out.Z,model_setup/bethesda_slate/rf9613a/d231.out.Z,1,unix_compress_lzw,internal_compress_lzw,partial,47327,9770,,no,compress invalid code 3394 with table end 2649
/Users/dlev2617/Documents/Code/Agents/github-packages/READY-TO-UPLOAD/PUBLIC/paper-1997-03-a-windowed-transportation-planning-model/data/legacy_encoded_originals/legacy_encoded_originals_20260516.zip::model_setup/bethesda_slate/rf9613a/plt.vcr9613.Z,model_setup/bethesda_slate/rf9613a/plt.vcr9613.Z,1,unix_compress_lzw,internal_compress_lzw,partial,520030,133,,no,compress invalid code 446 with table end 354
/Users/dlev2617/Documents/Code/Agents/github-packages/READY-TO-UPLOAD/PUBLIC/paper-1997-03-a-windowed-transportation-planning-model/data/legacy_encoded_originals/legacy_encoded_originals_20260516.zip::model_setup/bethesda_slate/rf9613a/rep.521dd.Z,model_setup/bethesda_slate/rf9613a/rep.521dd.Z,1,unix_compress_lzw,internal_compress_lzw,partial,8821,973,,no,compress invalid code 843 with table end 716
/Users/dlev2617/Documents/Code/Agents/github-packages/READY-TO-UPLOAD/PUBLIC/paper-1997-03-a-windowed-transportation-planning-model/data/legacy_encoded_originals/legacy_encoded_originals_20260516.zip::model_setup/bethesda_slate/rf9613a/rep.611.Z,model_setup/bethesda_slate/rf9613a/rep.611.Z,1,unix_compress_lzw,internal_compress_lzw,partial,104311,971,,no,compress invalid code 841 with table end 680
/Users/dlev2617/Documents/Code/Agents/github-packages/READY-TO-UPLOAD/PUBLIC/paper-1997-03-a-windowed-transportation-planning-model/data/legacy_encoded_originals/legacy_encoded_originals_20260516.zip::model_setup/bethesda_slate/rf9613a/rep.critical.Z,model_setup/bethesda_slate/rf9613a/rep.critical.Z,1,unix_compress_lzw,internal_compress_lzw,partial,5595,328,,no,compress invalid code 434 with table end 402
/Users/dlev2617/Documents/Code/Agents/github-packages/READY-TO-UPLOAD/PUBLIC/paper-1997-03-a-windowed-transportation-planning-model/data/legacy_encoded_originals/legacy_encoded_originals_20260516.zip::model_setup/bethesda_slate/rf9613a/rep.sigstat.Z,model_setup/bethesda_slate/rf9613a/rep.sigstat.Z,1,unix_compress_lzw,internal_compress_lzw,partial,69893,101,,no,compress invalid code 323 with table end 321
/Users/dlev2617/Documents/Code/Agents/github-packages/READY-TO-UPLOAD/PUBLIC/paper-1997-03-a-windowed-transportation-planning-model/data/legacy_encoded_originals/legacy_encoded_originals_20260516.zip::model_setup/bethesda_slate/rf9613a/rep.sumtime1.Z,model_setup/bethesda_slate/rf9613a/rep.sumtime1.Z,1,unix_compress_lzw,internal_compress_lzw,complete,648,1220,,yes,compress stream reached clean input exhaustion; no original length field exists
/Users/dlev2617/Documents/Code/Agents/github-packages/READY-TO-UPLOAD/PUBLIC/paper-1997-03-a-windowed-transportation-planning-model/data/legacy_encoded_originals/legacy_encoded_originals_20260516.zip::model_setup/bethesda_slate/rf9613a/rep.sumtime1.Z,model_setup/bethesda_slate/rf9613a/rep.sumtime1.Z,2,unknown,,terminal_plain_or_unknown,1220,1220,,yes,no further pack/compress magic detected
/Users/dlev2617/Documents/Code/Agents/github-packages/READY-TO-UPLOAD/PUBLIC/paper-1997-03-a-windowed-transportation-planning-model/data/legacy_encoded_originals/legacy_encoded_originals_20260516.zip::model_setup/bethesda_slate/rf9613a/rep.turnpen.Z,model_setup/bethesda_slate/rf9613a/rep.turnpen.Z,1,unix_compress_lzw,internal_compress_lzw,complete,280,481,,yes,compress stream reached clean input exhaustion; no original length field exists
/Users/dlev2617/Documents/Code/Agents/github-packages/READY-TO-UPLOAD/PUBLIC/paper-1997-03-a-windowed-transportation-planning-model/data/legacy_encoded_originals/legacy_encoded_originals_20260516.zip::model_setup/bethesda_slate/rf9613a/rep.turnpen.Z,model_setup/bethesda_slate/rf9613a/rep.turnpen.Z,2,unknown,,terminal_plain_or_unknown,481,481,,yes,no further pack/compress magic detected
/Users/dlev2617/Documents/Code/Agents/github-packages/READY-TO-UPLOAD/PUBLIC/paper-1997-03-a-windowed-transportation-planning-model/data/legacy_encoded_originals/legacy_encoded_originals_20260516.zip::model_setup/bethesda_slate/rf9613a/rep.turnvols.Z,model_setup/bethesda_slate/rf9613a/rep.turnvols.Z,1,unix_compress_lzw,internal_compress_lzw,partial,5345,2,,no,compress invalid code 259 with table end 257
/Users/dlev2617/Documents/Code/Agents/github-packages/READY-TO-UPLOAD/PUBLIC/paper-1997-03-a-windowed-transportation-planning-model/data/legacy_encoded_originals/legacy_encoded_originals_20260516.zip::model_setup/bethesda_slate/rf9613a/statistics.Z,model_setup/bethesda_slate/rf9613a/statistics.Z,1,unix_compress_lzw,internal_compress_lzw,partial,550,1177,,no,compress invalid code 861 with table end 668
/Users/dlev2617/Documents/Code/Agents/github-packages/READY-TO-UPLOAD/PUBLIC/paper-1997-03-a-windowed-transportation-planning-model/data/legacy_encoded_originals/legacy_encoded_originals_20260516.zip::model_setup/bethesda_slate/rf9613a/turnvols.in.Z,model_setup/bethesda_slate/rf9613a/turnvols.in.Z,1,unix_compress_lzw,internal_compress_lzw,partial,22718,1265,,no,compress invalid code 854 with table end 664
/Users/dlev2617/Documents/Code/Agents/github-packages/READY-TO-UPLOAD/PUBLIC/paper-1997-03-a-windowed-transportation-planning-model/data/legacy_encoded_originals/legacy_encoded_originals_20260516.zip::model_setup/bethesda_slate/rf9618a/d231.in.Z,model_setup/bethesda_slate/rf9618a/d231.in.Z,1,unix_compress_lzw,internal_compress_lzw,partial,48780,2645,,no,compress invalid code 1394 with table end 1023
/Users/dlev2617/Documents/Code/Agents/github-packages/READY-TO-UPLOAD/PUBLIC/paper-1997-03-a-windowed-transportation-planning-model/data/legacy_encoded_originals/legacy_encoded_originals_20260516.zip::model_setup/bethesda_slate/rf9618a/d231.out.Z,model_setup/bethesda_slate/rf9618a/d231.out.Z,1,unix_compress_lzw,internal_compress_lzw,partial,47261,1273,,no,compress invalid code 869 with table end 712
/Users/dlev2617/Documents/Code/Agents/github-packages/READY-TO-UPLOAD/PUBLIC/paper-1997-03-a-windowed-transportation-planning-model/data/legacy_encoded_originals/legacy_encoded_originals_20260516.zip::model_setup/bethesda_slate/rf9618a/plt.vcr9618.Z,model_setup/bethesda_slate/rf9618a/plt.vcr9618.Z,1,unix_compress_lzw,internal_compress_lzw,partial,502879,133,,no,compress invalid code 446 with table end 354
/Users/dlev2617/Documents/Code/Agents/github-packages/READY-TO-UPLOAD/PUBLIC/paper-1997-03-a-windowed-transportation-planning-model/data/legacy_encoded_originals/legacy_encoded_originals_20260516.zip::model_setup/bethesda_slate/rf9618a/rep.521dd.Z,model_setup/bethesda_slate/rf9618a/rep.521dd.Z,1,unix_compress_lzw,internal_compress_lzw,partial,8806,2328,,no,compress invalid code 1471 with table end 1159
/Users/dlev2617/Documents/Code/Agents/github-packages/READY-TO-UPLOAD/PUBLIC/paper-1997-03-a-windowed-transportation-planning-model/data/legacy_encoded_originals/legacy_encoded_originals_20260516.zip::model_setup/bethesda_slate/rf9618a/rep.611.Z,model_setup/bethesda_slate/rf9618a/rep.611.Z,1,unix_compress_lzw,internal_compress_lzw,partial,103167,1063,,no,compress invalid code 862 with table end 716
/Users/dlev2617/Documents/Code/Agents/github-packages/READY-TO-UPLOAD/PUBLIC/paper-1997-03-a-windowed-transportation-planning-model/data/legacy_encoded_originals/legacy_encoded_originals_20260516.zip::model_setup/bethesda_slate/rf9618a/rep.critical.Z,model_setup/bethesda_slate/rf9618a/rep.critical.Z,1,unix_compress_lzw,internal_compress_lzw,partial,5566,14726,,no,compress invalid code 3502 with table end 2891
/Users/dlev2617/Documents/Code/Agents/github-packages/READY-TO-UPLOAD/PUBLIC/paper-1997-03-a-windowed-transportation-planning-model/data/legacy_encoded_originals/legacy_encoded_originals_20260516.zip::model_setup/bethesda_slate/rf9618a/rep.sigstat.Z,model_setup/bethesda_slate/rf9618a/rep.sigstat.Z,1,unix_compress_lzw,internal_compress_lzw,partial,69353,101,,no,compress invalid code 323 with table end 321
/Users/dlev2617/Documents/Code/Agents/github-packages/READY-TO-UPLOAD/PUBLIC/paper-1997-03-a-windowed-transportation-planning-model/data/legacy_encoded_originals/legacy_encoded_originals_20260516.zip::model_setup/bethesda_slate/rf9618a/rep.sumtime1.Z,model_setup/bethesda_slate/rf9618a/rep.sumtime1.Z,1,unix_compress_lzw,internal_compress_lzw,partial,659,895,,no,compress invalid code 864 with table end 688
/Users/dlev2617/Documents/Code/Agents/github-packages/READY-TO-UPLOAD/PUBLIC/paper-1997-03-a-windowed-transportation-planning-model/data/legacy_encoded_originals/legacy_encoded_originals_20260516.zip::model_setup/bethesda_slate/rf9618a/rep.turnpen.Z,model_setup/bethesda_slate/rf9618a/rep.turnpen.Z,1,unix_compress_lzw,internal_compress_lzw,complete,561,1014,,yes,compress stream reached clean input exhaustion; no original length field exists
/Users/dlev2617/Documents/Code/Agents/github-packages/READY-TO-UPLOAD/PUBLIC/paper-1997-03-a-windowed-transportation-planning-model/data/legacy_encoded_originals/legacy_encoded_originals_20260516.zip::model_setup/bethesda_slate/rf9618a/rep.turnpen.Z,model_setup/bethesda_slate/rf9618a/rep.turnpen.Z,2,unknown,,terminal_plain_or_unknown,1014,1014,,yes,no further pack/compress magic detected
/Users/dlev2617/Documents/Code/Agents/github-packages/READY-TO-UPLOAD/PUBLIC/paper-1997-03-a-windowed-transportation-planning-model/data/legacy_encoded_originals/legacy_encoded_originals_20260516.zip::model_setup/bethesda_slate/rf9618a/rep.turnvols.Z,model_setup/bethesda_slate/rf9618a/rep.turnvols.Z,1,unix_compress_lzw,internal_compress_lzw,partial,5201,2,,no,compress invalid code 259 with table end 257
/Users/dlev2617/Documents/Code/Agents/github-packages/READY-TO-UPLOAD/PUBLIC/paper-1997-03-a-windowed-transportation-planning-model/data/legacy_encoded_originals/legacy_encoded_originals_20260516.zip::model_setup/bethesda_slate/rf9618a/statistics.Z,model_setup/bethesda_slate/rf9618a/statistics.Z,1,unix_compress_lzw,internal_compress_lzw,partial,556,1246,,no,compress invalid code 851 with table end 680
/Users/dlev2617/Documents/Code/Agents/github-packages/READY-TO-UPLOAD/PUBLIC/paper-1997-03-a-windowed-transportation-planning-model/data/legacy_encoded_originals/legacy_encoded_originals_20260516.zip::model_setup/bethesda_slate/rf9618a/turnvols.in.Z,model_setup/bethesda_slate/rf9618a/turnvols.in.Z,1,unix_compress_lzw,internal_compress_lzw,partial,22450,10319,,no,compress invalid code 3390 with table end 2641
/Users/dlev2617/Documents/Code/Agents/github-packages/READY-TO-UPLOAD/PUBLIC/paper-1997-03-a-windowed-transportation-planning-model/data/legacy_encoded_originals/legacy_encoded_originals_20260516.zip::model_setup/bethesda_slate/rf9619a/d231.in.Z,model_setup/bethesda_slate/rf9619a/d231.in.Z,1,unix_compress_lzw,internal_compress_lzw,partial,48213,4021,,no,compress invalid code 1680 with table end 1346
/Users/dlev2617/Documents/Code/Agents/github-packages/READY-TO-UPLOAD/PUBLIC/paper-1997-03-a-windowed-transportation-planning-model/data/legacy_encoded_originals/legacy_encoded_originals_20260516.zip::model_setup/bethesda_slate/rf9619a/d231.out.Z,model_setup/bethesda_slate/rf9619a/d231.out.Z,1,unix_compress_lzw,internal_compress_lzw,partial,46693,4004,,no,compress invalid code 1396 with table end 1369
/Users/dlev2617/Documents/Code/Agents/github-packages/READY-TO-UPLOAD/PUBLIC/paper-1997-03-a-windowed-transportation-planning-model/data/legacy_encoded_originals/legacy_encoded_originals_20260516.zip::model_setup/bethesda_slate/rf9619a/plt.diff1918.Z,model_setup/bethesda_slate/rf9619a/plt.diff1918.Z,1,unix_compress_lzw,internal_compress_lzw,partial,331548,2585,,no,compress invalid code 1686 with table end 1610
/Users/dlev2617/Documents/Code/Agents/github-packages/READY-TO-UPLOAD/PUBLIC/paper-1997-03-a-windowed-transportation-planning-model/data/legacy_encoded_originals/legacy_encoded_originals_20260516.zip::model_setup/bethesda_slate/rf9619a/plt.wis.9619.Z,model_setup/bethesda_slate/rf9619a/plt.wis.9619.Z,1,unix_compress_lzw,internal_compress_lzw,partial,456013,148,,no,compress invalid code 437 with table end 362
/Users/dlev2617/Documents/Code/Agents/github-packages/READY-TO-UPLOAD/PUBLIC/paper-1997-03-a-windowed-transportation-planning-model/data/legacy_encoded_originals/legacy_encoded_originals_20260516.zip::model_setup/bethesda_slate/rf9619a/rep.521dd.Z,model_setup/bethesda_slate/rf9619a/rep.521dd.Z,1,unix_compress_lzw,internal_compress_lzw,partial,8912,3003,,no,compress invalid code 1462 with table end 1415
/Users/dlev2617/Documents/Code/Agents/github-packages/READY-TO-UPLOAD/PUBLIC/paper-1997-03-a-windowed-transportation-planning-model/data/legacy_encoded_originals/legacy_encoded_originals_20260516.zip::model_setup/bethesda_slate/rf9619a/rep.611.Z,model_setup/bethesda_slate/rf9619a/rep.611.Z,1,unix_compress_lzw,internal_compress_lzw,partial,102631,3074,,no,compress invalid code 1643 with table end 1297
/Users/dlev2617/Documents/Code/Agents/github-packages/READY-TO-UPLOAD/PUBLIC/paper-1997-03-a-windowed-transportation-planning-model/data/legacy_encoded_originals/legacy_encoded_originals_20260516.zip::model_setup/bethesda_slate/rf9619a/rep.critical.Z,model_setup/bethesda_slate/rf9619a/rep.critical.Z,1,unix_compress_lzw,internal_compress_lzw,partial,5551,9,,no,compress invalid code 313 with table end 263
/Users/dlev2617/Documents/Code/Agents/github-packages/READY-TO-UPLOAD/PUBLIC/paper-1997-03-a-windowed-transportation-planning-model/data/legacy_encoded_originals/legacy_encoded_originals_20260516.zip::model_setup/bethesda_slate/rf9619a/rep.sigstat.Z,model_setup/bethesda_slate/rf9619a/rep.sigstat.Z,1,unix_compress_lzw,internal_compress_lzw,partial,68815,101,,no,compress invalid code 323 with table end 321
/Users/dlev2617/Documents/Code/Agents/github-packages/READY-TO-UPLOAD/PUBLIC/paper-1997-03-a-windowed-transportation-planning-model/data/legacy_encoded_originals/legacy_encoded_originals_20260516.zip::model_setup/bethesda_slate/rf9619a/rep.sumtime1.Z,model_setup/bethesda_slate/rf9619a/rep.sumtime1.Z,1,unix_compress_lzw,internal_compress_lzw,partial,661,895,,no,compress invalid code 864 with table end 688
/Users/dlev2617/Documents/Code/Agents/github-packages/READY-TO-UPLOAD/PUBLIC/paper-1997-03-a-windowed-transportation-planning-model/data/legacy_encoded_originals/legacy_encoded_originals_20260516.zip::model_setup/bethesda_slate/rf9619a/rep.turnpen.Z,model_setup/bethesda_slate/rf9619a/rep.turnpen.Z,1,unix_compress_lzw,internal_compress_lzw,complete,574,1028,,yes,compress stream reached clean input exhaustion; no original length field exists
/Users/dlev2617/Documents/Code/Agents/github-packages/READY-TO-UPLOAD/PUBLIC/paper-1997-03-a-windowed-transportation-planning-model/data/legacy_encoded_originals/legacy_encoded_originals_20260516.zip::model_setup/bethesda_slate/rf9619a/rep.turnpen.Z,model_setup/bethesda_slate/rf9619a/rep.turnpen.Z,2,unknown,,terminal_plain_or_unknown,1028,1028,,yes,no further pack/compress magic detected
/Users/dlev2617/Documents/Code/Agents/github-packages/READY-TO-UPLOAD/PUBLIC/paper-1997-03-a-windowed-transportation-planning-model/data/legacy_encoded_originals/legacy_encoded_originals_20260516.zip::model_setup/bethesda_slate/rf9619a/rep.turnvols.Z,model_setup/bethesda_slate/rf9619a/rep.turnvols.Z,1,unix_compress_lzw,internal_compress_lzw,partial,5183,2,,no,compress invalid code 259 with table end 257
/Users/dlev2617/Documents/Code/Agents/github-packages/READY-TO-UPLOAD/PUBLIC/paper-1997-03-a-windowed-transportation-planning-model/data/legacy_encoded_originals/legacy_encoded_originals_20260516.zip::model_setup/bethesda_slate/rf9619a/statistics.Z,model_setup/bethesda_slate/rf9619a/statistics.Z,1,unix_compress_lzw,internal_compress_lzw,partial,551,1226,,no,compress invalid code 852 with table end 680
/Users/dlev2617/Documents/Code/Agents/github-packages/READY-TO-UPLOAD/PUBLIC/paper-1997-03-a-windowed-transportation-planning-model/data/legacy_encoded_originals/legacy_encoded_originals_20260516.zip::model_setup/bethesda_slate/rf9619a/turnvols.in.Z,model_setup/bethesda_slate/rf9619a/turnvols.in.Z,1,unix_compress_lzw,internal_compress_lzw,partial,22452,10621,,no,compress invalid code 3431 with table end 2697
/Users/dlev2617/Documents/Code/Agents/github-packages/READY-TO-UPLOAD/PUBLIC/paper-1997-03-a-windowed-transportation-planning-model/data/legacy_encoded_originals/legacy_encoded_originals_20260516.zip::model_setup/bethesda_slate/rf9621a/d231.in.Z,model_setup/bethesda_slate/rf9621a/d231.in.Z,1,unix_compress_lzw,internal_compress_lzw,partial,48748,299,,no,compress invalid code 446 with table end 402
/Users/dlev2617/Documents/Code/Agents/github-packages/READY-TO-UPLOAD/PUBLIC/paper-1997-03-a-windowed-transportation-planning-model/data/legacy_encoded_originals/legacy_encoded_originals_20260516.zip::model_setup/bethesda_slate/rf9621a/d231.in.z-A,model_setup/bethesda_slate/rf9621a/d231.in.z-A,1,unix_pack_static_huffman,internal_pack_static_huffman,failed,72653,0,181547,no,too many leaves in pack Huffman tree
/Users/dlev2617/Documents/Code/Agents/github-packages/READY-TO-UPLOAD/PUBLIC/paper-1997-03-a-windowed-transportation-planning-model/data/legacy_encoded_originals/legacy_encoded_originals_20260516.zip::model_setup/bethesda_slate/rf9621a/d231.out.z,model_setup/bethesda_slate/rf9621a/d231.out.z,1,unix_pack_static_huffman,internal_pack_static_huffman,partial,67938,46863,165753,no,"pack length mismatch: expected 165753, got 46863"
/Users/dlev2617/Documents/Code/Agents/github-packages/READY-TO-UPLOAD/PUBLIC/paper-1997-03-a-windowed-transportation-planning-model/data/legacy_encoded_originals/legacy_encoded_originals_20260516.zip::model_setup/bethesda_slate/rf9621a/d231.out.Z-A,model_setup/bethesda_slate/rf9621a/d231.out.Z-A,1,unix_compress_lzw,internal_compress_lzw,partial,47156,3796,,no,compress invalid code 1710 with table end 1362
/Users/dlev2617/Documents/Code/Agents/github-packages/READY-TO-UPLOAD/PUBLIC/paper-1997-03-a-windowed-transportation-planning-model/data/legacy_encoded_originals/legacy_encoded_originals_20260516.zip::model_setup/bethesda_slate/rf9621a/plt.diff2118.z,model_setup/bethesda_slate/rf9621a/plt.diff2118.z,1,unix_pack_static_huffman,internal_pack_static_huffman,failed,337085,0,459946,no,too many leaves in pack Huffman tree
/Users/dlev2617/Documents/Code/Agents/github-packages/READY-TO-UPLOAD/PUBLIC/paper-1997-03-a-windowed-transportation-planning-model/data/legacy_encoded_originals/legacy_encoded_originals_20260516.zip::model_setup/bethesda_slate/rf9621a/plt.diff2118.Z-A,model_setup/bethesda_slate/rf9621a/plt.diff2118.Z-A,1,unix_compress_lzw,internal_compress_lzw,partial,314759,2037,,no,compress invalid code 1746 with table end 1362
/Users/dlev2617/Documents/Code/Agents/github-packages/READY-TO-UPLOAD/PUBLIC/paper-1997-03-a-windowed-transportation-planning-model/data/legacy_encoded_originals/legacy_encoded_originals_20260516.zip::model_setup/bethesda_slate/rf9621a/plt.vcr9621.Z,model_setup/bethesda_slate/rf9621a/plt.vcr9621.Z,1,unix_compress_lzw,internal_compress_lzw,partial,503147,133,,no,compress invalid code 446 with table end 354
/Users/dlev2617/Documents/Code/Agents/github-packages/READY-TO-UPLOAD/PUBLIC/paper-1997-03-a-windowed-transportation-planning-model/data/legacy_encoded_originals/legacy_encoded_originals_20260516.zip::model_setup/bethesda_slate/rf9621a/rep.521dd.z,model_setup/bethesda_slate/rf9621a/rep.521dd.z,1,unix_pack_static_huffman,internal_pack_static_huffman,partial,16313,29281,29280,no,"pack exceeded expected length before EOB: expected 29280, got 29281"
/Users/dlev2617/Documents/Code/Agents/github-packages/READY-TO-UPLOAD/PUBLIC/paper-1997-03-a-windowed-transportation-planning-model/data/legacy_encoded_originals/legacy_encoded_originals_20260516.zip::model_setup/bethesda_slate/rf9621a/rep.611.z,model_setup/bethesda_slate/rf9621a/rep.611.z,1,unix_pack_static_huffman,internal_pack_static_huffman,partial,177953,417526,417525,no,"pack exceeded expected length before EOB: expected 417525, got 417526"
/Users/dlev2617/Documents/Code/Agents/github-packages/READY-TO-UPLOAD/PUBLIC/paper-1997-03-a-windowed-transportation-planning-model/data/legacy_encoded_originals/legacy_encoded_originals_20260516.zip::model_setup/bethesda_slate/rf9621a/rep.critical.z,model_setup/bethesda_slate/rf9621a/rep.critical.z,1,unix_pack_static_huffman,internal_pack_static_huffman,partial,8098,24437,24436,no,"pack exceeded expected length before EOB: expected 24436, got 24437"
/Users/dlev2617/Documents/Code/Agents/github-packages/READY-TO-UPLOAD/PUBLIC/paper-1997-03-a-windowed-transportation-planning-model/data/legacy_encoded_originals/legacy_encoded_originals_20260516.zip::model_setup/bethesda_slate/rf9621a/rep.sigstat.z,model_setup/bethesda_slate/rf9621a/rep.sigstat.z,1,unix_pack_static_huffman,internal_pack_static_huffman,partial,121579,271752,271751,no,"pack exceeded expected length before EOB: expected 271751, got 271752"
/Users/dlev2617/Documents/Code/Agents/github-packages/READY-TO-UPLOAD/PUBLIC/paper-1997-03-a-windowed-transportation-planning-model/data/legacy_encoded_originals/legacy_encoded_originals_20260516.zip::model_setup/bethesda_slate/rf9621a/rep.sumtime1.z,model_setup/bethesda_slate/rf9621a/rep.sumtime1.z,1,unix_pack_static_huffman,internal_pack_static_huffman,failed,734,0,1220,no,too many leaves in pack Huffman tree
/Users/dlev2617/Documents/Code/Agents/github-packages/READY-TO-UPLOAD/PUBLIC/paper-1997-03-a-windowed-transportation-planning-model/data/legacy_encoded_originals/legacy_encoded_originals_20260516.zip::model_setup/bethesda_slate/rf9621a/rep.turnpen.z,model_setup/bethesda_slate/rf9621a/rep.turnpen.z,1,unix_pack_static_huffman,internal_pack_static_huffman,failed,1131,0,1993,no,too many leaves in pack Huffman tree
/Users/dlev2617/Documents/Code/Agents/github-packages/READY-TO-UPLOAD/PUBLIC/paper-1997-03-a-windowed-transportation-planning-model/data/legacy_encoded_originals/legacy_encoded_originals_20260516.zip::model_setup/bethesda_slate/rf9621a/rep.turnvols.z,model_setup/bethesda_slate/rf9621a/rep.turnvols.z,1,unix_pack_static_huffman,internal_pack_static_huffman,failed,5685,0,20033,no,too many leaves in pack Huffman tree
/Users/dlev2617/Documents/Code/Agents/github-packages/READY-TO-UPLOAD/PUBLIC/paper-1997-03-a-windowed-transportation-planning-model/data/legacy_encoded_originals/legacy_encoded_originals_20260516.zip::model_setup/bethesda_slate/rf9621a/turnvols.in.z,model_setup/bethesda_slate/rf9621a/turnvols.in.z,1,unix_pack_static_huffman,internal_pack_static_huffman,partial,30173,44692,77560,no,"pack length mismatch: expected 77560, got 44692"
/Users/dlev2617/Documents/Code/Agents/github-packages/READY-TO-UPLOAD/PUBLIC/paper-1997-03-a-windowed-transportation-planning-model/data/legacy_encoded_originals/legacy_encoded_originals_20260516.zip::model_setup/bethesda_slate/rf9622a/d231.in.z,model_setup/bethesda_slate/rf9622a/d231.in.z,1,unix_pack_static_huffman,internal_pack_static_huffman,failed,72224,0,180581,no,too many leaves in pack Huffman tree
/Users/dlev2617/Documents/Code/Agents/github-packages/READY-TO-UPLOAD/PUBLIC/paper-1997-03-a-windowed-transportation-planning-model/data/legacy_encoded_originals/legacy_encoded_originals_20260516.zip::model_setup/bethesda_slate/rf9622a/d231.out.z,model_setup/bethesda_slate/rf9622a/d231.out.z,1,unix_pack_static_huffman,internal_pack_static_huffman,partial,67643,11153,164871,no,"pack length mismatch: expected 164871, got 11153"
/Users/dlev2617/Documents/Code/Agents/github-packages/READY-TO-UPLOAD/PUBLIC/paper-1997-03-a-windowed-transportation-planning-model/data/legacy_encoded_originals/legacy_encoded_originals_20260516.zip::model_setup/bethesda_slate/rf9622a/plt.vcr9622.Z,model_setup/bethesda_slate/rf9622a/plt.vcr9622.Z,1,unix_compress_lzw,internal_compress_lzw,partial,502277,133,,no,compress invalid code 446 with table end 354
/Users/dlev2617/Documents/Code/Agents/github-packages/READY-TO-UPLOAD/PUBLIC/paper-1997-03-a-windowed-transportation-planning-model/data/legacy_encoded_originals/legacy_encoded_originals_20260516.zip::model_setup/bethesda_slate/rf9622a/rep.521dd.z,model_setup/bethesda_slate/rf9622a/rep.521dd.z,1,unix_pack_static_huffman,internal_pack_static_huffman,partial,16429,29431,29430,no,"pack exceeded expected length before EOB: expected 29430, got 29431"
/Users/dlev2617/Documents/Code/Agents/github-packages/READY-TO-UPLOAD/PUBLIC/paper-1997-03-a-windowed-transportation-planning-model/data/legacy_encoded_originals/legacy_encoded_originals_20260516.zip::model_setup/bethesda_slate/rf9622a/rep.611.z,model_setup/bethesda_slate/rf9622a/rep.611.z,1,unix_pack_static_huffman,internal_pack_static_huffman,partial,177781,417166,417165,no,"pack exceeded expected length before EOB: expected 417165, got 417166"
/Users/dlev2617/Documents/Code/Agents/github-packages/READY-TO-UPLOAD/PUBLIC/paper-1997-03-a-windowed-transportation-planning-model/data/legacy_encoded_originals/legacy_encoded_originals_20260516.zip::model_setup/bethesda_slate/rf9622a/rep.critical.z,model_setup/bethesda_slate/rf9622a/rep.critical.z,1,unix_pack_static_huffman,internal_pack_static_huffman,partial,8090,24437,24436,no,"pack exceeded expected length before EOB: expected 24436, got 24437"
/Users/dlev2617/Documents/Code/Agents/github-packages/READY-TO-UPLOAD/PUBLIC/paper-1997-03-a-windowed-transportation-planning-model/data/legacy_encoded_originals/legacy_encoded_originals_20260516.zip::model_setup/bethesda_slate/rf9622a/rep.sigstat.z,model_setup/bethesda_slate/rf9622a/rep.sigstat.z,1,unix_pack_static_huffman,internal_pack_static_huffman,partial,121169,270660,270659,no,"pack exceeded expected length before EOB: expected 270659, got 270660"
/Users/dlev2617/Documents/Code/Agents/github-packages/READY-TO-UPLOAD/PUBLIC/paper-1997-03-a-windowed-transportation-planning-model/data/legacy_encoded_originals/legacy_encoded_originals_20260516.zip::model_setup/bethesda_slate/rf9622a/rep.sumtime1.z,model_setup/bethesda_slate/rf9622a/rep.sumtime1.z,1,unix_pack_static_huffman,internal_pack_static_huffman,failed,735,0,1220,no,too many leaves in pack Huffman tree
/Users/dlev2617/Documents/Code/Agents/github-packages/READY-TO-UPLOAD/PUBLIC/paper-1997-03-a-windowed-transportation-planning-model/data/legacy_encoded_originals/legacy_encoded_originals_20260516.zip::model_setup/bethesda_slate/rf9622a/rep.turnpen.z,model_setup/bethesda_slate/rf9622a/rep.turnpen.z,1,unix_pack_static_huffman,internal_pack_static_huffman,partial,1239,2220,2219,no,"pack exceeded expected length before EOB: expected 2219, got 2220"
/Users/dlev2617/Documents/Code/Agents/github-packages/READY-TO-UPLOAD/PUBLIC/paper-1997-03-a-windowed-transportation-planning-model/data/legacy_encoded_originals/legacy_encoded_originals_20260516.zip::model_setup/bethesda_slate/rf9622a/rep.turnvols.z,model_setup/bethesda_slate/rf9622a/rep.turnvols.z,1,unix_pack_static_huffman,internal_pack_static_huffman,partial,5670,20034,20033,no,"pack exceeded expected length before EOB: expected 20033, got 20034"
/Users/dlev2617/Documents/Code/Agents/github-packages/READY-TO-UPLOAD/PUBLIC/paper-1997-03-a-windowed-transportation-planning-model/data/legacy_encoded_originals/legacy_encoded_originals_20260516.zip::model_setup/bethesda_slate/rf9622a/statistics.z,model_setup/bethesda_slate/rf9622a/statistics.z,1,unix_pack_static_huffman,internal_pack_static_huffman,failed,781,0,1455,no,too many leaves in pack Huffman tree
/Users/dlev2617/Documents/Code/Agents/github-packages/READY-TO-UPLOAD/PUBLIC/paper-1997-03-a-windowed-transportation-planning-model/data/legacy_encoded_originals/legacy_encoded_originals_20260516.zip::model_setup/bethesda_slate/rf9622a/turnvols.in.z,model_setup/bethesda_slate/rf9622a/turnvols.in.z,1,unix_pack_static_huffman,internal_pack_static_huffman,partial,30002,76952,77112,no,"pack length mismatch: expected 77112, got 76952"
/Users/dlev2617/Documents/Code/Agents/github-packages/READY-TO-UPLOAD/PUBLIC/paper-1997-03-a-windowed-transportation-planning-model/data/legacy_encoded_originals/legacy_encoded_originals_20260516.zip::model_setup/bethesda_slate/rf9623a/d231.in.z,model_setup/bethesda_slate/rf9623a/d231.in.z,1,unix_pack_static_huffman,internal_pack_static_huffman,failed,72936,0,182306,no,too many leaves in pack Huffman tree
/Users/dlev2617/Documents/Code/Agents/github-packages/READY-TO-UPLOAD/PUBLIC/paper-1997-03-a-windowed-transportation-planning-model/data/legacy_encoded_originals/legacy_encoded_originals_20260516.zip::model_setup/bethesda_slate/rf9623a/d231.out.z,model_setup/bethesda_slate/rf9623a/d231.out.z,1,unix_pack_static_huffman,internal_pack_static_huffman,partial,68255,12089,166446,no,"pack length mismatch: expected 166446, got 12089"
/Users/dlev2617/Documents/Code/Agents/github-packages/READY-TO-UPLOAD/PUBLIC/paper-1997-03-a-windowed-transportation-planning-model/data/legacy_encoded_originals/legacy_encoded_originals_20260516.zip::model_setup/bethesda_slate/rf9623a/plt.vcr9623.Z,model_setup/bethesda_slate/rf9623a/plt.vcr9623.Z,1,unix_compress_lzw,internal_compress_lzw,partial,503531,133,,no,compress invalid code 446 with table end 354
/Users/dlev2617/Documents/Code/Agents/github-packages/READY-TO-UPLOAD/PUBLIC/paper-1997-03-a-windowed-transportation-planning-model/data/legacy_encoded_originals/legacy_encoded_originals_20260516.zip::model_setup/bethesda_slate/rf9623a/plt.wis.9623.z,model_setup/bethesda_slate/rf9623a/plt.wis.9623.z,1,unix_pack_static_huffman,internal_pack_static_huffman,partial,285284,388267,388266,no,"pack exceeded expected length before EOB: expected 388266, got 388267"
/Users/dlev2617/Documents/Code/Agents/github-packages/READY-TO-UPLOAD/PUBLIC/paper-1997-03-a-windowed-transportation-planning-model/data/legacy_encoded_originals/legacy_encoded_originals_20260516.zip::model_setup/bethesda_slate/rf9623a/rep.521dd.z,model_setup/bethesda_slate/rf9623a/rep.521dd.z,1,unix_pack_static_huffman,internal_pack_static_huffman,failed,16473,0,29460,no,too many leaves in pack Huffman tree
/Users/dlev2617/Documents/Code/Agents/github-packages/READY-TO-UPLOAD/PUBLIC/paper-1997-03-a-windowed-transportation-planning-model/data/legacy_encoded_originals/legacy_encoded_originals_20260516.zip::model_setup/bethesda_slate/rf9623a/rep.611.z,model_setup/bethesda_slate/rf9623a/rep.611.z,1,unix_pack_static_huffman,internal_pack_static_huffman,partial,177994,417670,417669,no,"pack exceeded expected length before EOB: expected 417669, got 417670"
/Users/dlev2617/Documents/Code/Agents/github-packages/READY-TO-UPLOAD/PUBLIC/paper-1997-03-a-windowed-transportation-planning-model/data/legacy_encoded_originals/legacy_encoded_originals_20260516.zip::model_setup/bethesda_slate/rf9623a/rep.critical.z,model_setup/bethesda_slate/rf9623a/rep.critical.z,1,unix_pack_static_huffman,internal_pack_static_huffman,failed,8125,0,24518,no,too many leaves in pack Huffman tree
/Users/dlev2617/Documents/Code/Agents/github-packages/READY-TO-UPLOAD/PUBLIC/paper-1997-03-a-windowed-transportation-planning-model/data/legacy_encoded_originals/legacy_encoded_originals_20260516.zip::model_setup/bethesda_slate/rf9623a/rep.sigstat.z,model_setup/bethesda_slate/rf9623a/rep.sigstat.z,1,unix_pack_static_huffman,internal_pack_static_huffman,partial,122076,272833,272832,no,"pack exceeded expected length before EOB: expected 272832, got 272833"
/Users/dlev2617/Documents/Code/Agents/github-packages/READY-TO-UPLOAD/PUBLIC/paper-1997-03-a-windowed-transportation-planning-model/data/legacy_encoded_originals/legacy_encoded_originals_20260516.zip::model_setup/bethesda_slate/rf9623a/rep.sigstat.Z-A,model_setup/bethesda_slate/rf9623a/rep.sigstat.Z-A,1,unix_compress_lzw,internal_compress_lzw,partial,69451,101,,no,compress invalid code 323 with table end 321
/Users/dlev2617/Documents/Code/Agents/github-packages/READY-TO-UPLOAD/PUBLIC/paper-1997-03-a-windowed-transportation-planning-model/data/legacy_encoded_originals/legacy_encoded_originals_20260516.zip::model_setup/bethesda_slate/rf9623a/rep.sumtime1.z,model_setup/bethesda_slate/rf9623a/rep.sumtime1.z,1,unix_pack_static_huffman,internal_pack_static_huffman,failed,734,0,1220,no,too many leaves in pack Huffman tree
/Users/dlev2617/Documents/Code/Agents/github-packages/READY-TO-UPLOAD/PUBLIC/paper-1997-03-a-windowed-transportation-planning-model/data/legacy_encoded_originals/legacy_encoded_originals_20260516.zip::model_setup/bethesda_slate/rf9623a/rep.turnpen.z,model_setup/bethesda_slate/rf9623a/rep.turnpen.z,1,unix_pack_static_huffman,internal_pack_static_huffman,failed,628,0,1033,no,too many leaves in pack Huffman tree
/Users/dlev2617/Documents/Code/Agents/github-packages/READY-TO-UPLOAD/PUBLIC/paper-1997-03-a-windowed-transportation-planning-model/data/legacy_encoded_originals/legacy_encoded_originals_20260516.zip::model_setup/bethesda_slate/rf9623a/rep.turnvols.z,model_setup/bethesda_slate/rf9623a/rep.turnvols.z,1,unix_pack_static_huffman,internal_pack_static_huffman,partial,5699,20101,20100,no,"pack exceeded expected length before EOB: expected 20100, got 20101"
/Users/dlev2617/Documents/Code/Agents/github-packages/READY-TO-UPLOAD/PUBLIC/paper-1997-03-a-windowed-transportation-planning-model/data/legacy_encoded_originals/legacy_encoded_originals_20260516.zip::model_setup/bethesda_slate/rf9623a/statistics.z,model_setup/bethesda_slate/rf9623a/statistics.z,1,unix_pack_static_huffman,internal_pack_static_huffman,complete,783,1455,1455,yes,pack EOB reached and expected length matched
/Users/dlev2617/Documents/Code/Agents/github-packages/READY-TO-UPLOAD/PUBLIC/paper-1997-03-a-windowed-transportation-planning-model/data/legacy_encoded_originals/legacy_encoded_originals_20260516.zip::model_setup/bethesda_slate/rf9623a/statistics.z,model_setup/bethesda_slate/rf9623a/statistics.z,2,unknown,,terminal_plain_or_unknown,1455,1455,,yes,no further pack/compress magic detected
/Users/dlev2617/Documents/Code/Agents/github-packages/READY-TO-UPLOAD/PUBLIC/paper-1997-03-a-windowed-transportation-planning-model/data/legacy_encoded_originals/legacy_encoded_originals_20260516.zip::model_setup/bethesda_slate/rf9623a/turnvols.in.z,model_setup/bethesda_slate/rf9623a/turnvols.in.z,1,unix_pack_static_huffman,internal_pack_static_huffman,partial,30243,77556,77728,no,"pack length mismatch: expected 77728, got 77556"
/Users/dlev2617/Documents/Code/Agents/github-packages/READY-TO-UPLOAD/PUBLIC/paper-1997-03-a-windowed-transportation-planning-model/data/legacy_encoded_originals/legacy_encoded_originals_20260516.zip::model_setup/bethesda_slate/rf9624a/d231.in.z,model_setup/bethesda_slate/rf9624a/d231.in.z,1,unix_pack_static_huffman,internal_pack_static_huffman,failed,72695,0,181754,no,too many leaves in pack Huffman tree
/Users/dlev2617/Documents/Code/Agents/github-packages/READY-TO-UPLOAD/PUBLIC/paper-1997-03-a-windowed-transportation-planning-model/data/legacy_encoded_originals/legacy_encoded_originals_20260516.zip::model_setup/bethesda_slate/rf9624a/d231.in.Z-A,model_setup/bethesda_slate/rf9624a/d231.in.Z-A,1,unix_compress_lzw,internal_compress_lzw,partial,48656,10769,,no,compress invalid code 3490 with table end 2733
/Users/dlev2617/Documents/Code/Agents/github-packages/READY-TO-UPLOAD/PUBLIC/paper-1997-03-a-windowed-transportation-planning-model/data/legacy_encoded_originals/legacy_encoded_originals_20260516.zip::model_setup/bethesda_slate/rf9624a/d231.out.z,model_setup/bethesda_slate/rf9624a/d231.out.z,1,unix_pack_static_huffman,internal_pack_static_huffman,partial,68014,53918,165942,no,"pack length mismatch: expected 165942, got 53918"
/Users/dlev2617/Documents/Code/Agents/github-packages/READY-TO-UPLOAD/PUBLIC/paper-1997-03-a-windowed-transportation-planning-model/data/legacy_encoded_originals/legacy_encoded_originals_20260516.zip::model_setup/bethesda_slate/rf9624a/d231.out.Z-A,model_setup/bethesda_slate/rf9624a/d231.out.Z-A,1,unix_compress_lzw,internal_compress_lzw,partial,47057,1637,,no,compress invalid code 893 with table end 824
/Users/dlev2617/Documents/Code/Agents/github-packages/READY-TO-UPLOAD/PUBLIC/paper-1997-03-a-windowed-transportation-planning-model/data/legacy_encoded_originals/legacy_encoded_originals_20260516.zip::model_setup/bethesda_slate/rf9624a/plt.vcr9624.Z,model_setup/bethesda_slate/rf9624a/plt.vcr9624.Z,1,unix_compress_lzw,internal_compress_lzw,partial,508571,133,,no,compress invalid code 446 with table end 354
/Users/dlev2617/Documents/Code/Agents/github-packages/READY-TO-UPLOAD/PUBLIC/paper-1997-03-a-windowed-transportation-planning-model/data/legacy_encoded_originals/legacy_encoded_originals_20260516.zip::model_setup/bethesda_slate/rf9624a/rep.521dd.z,model_setup/bethesda_slate/rf9624a/rep.521dd.z,1,unix_pack_static_huffman,internal_pack_static_huffman,partial,16277,29311,29310,no,"pack exceeded expected length before EOB: expected 29310, got 29311"
/Users/dlev2617/Documents/Code/Agents/github-packages/READY-TO-UPLOAD/PUBLIC/paper-1997-03-a-windowed-transportation-planning-model/data/legacy_encoded_originals/legacy_encoded_originals_20260516.zip::model_setup/bethesda_slate/rf9624a/rep.611.z,model_setup/bethesda_slate/rf9624a/rep.611.z,1,unix_pack_static_huffman,internal_pack_static_huffman,partial,178181,417913,417912,no,"pack exceeded expected length before EOB: expected 417912, got 417913"
/Users/dlev2617/Documents/Code/Agents/github-packages/READY-TO-UPLOAD/PUBLIC/paper-1997-03-a-windowed-transportation-planning-model/data/legacy_encoded_originals/legacy_encoded_originals_20260516.zip::model_setup/bethesda_slate/rf9624a/rep.critical.z,model_setup/bethesda_slate/rf9624a/rep.critical.z,1,unix_pack_static_huffman,internal_pack_static_huffman,failed,8134,0,24518,no,too many leaves in pack Huffman tree
/Users/dlev2617/Documents/Code/Agents/github-packages/READY-TO-UPLOAD/PUBLIC/paper-1997-03-a-windowed-transportation-planning-model/data/legacy_encoded_originals/legacy_encoded_originals_20260516.zip::model_setup/bethesda_slate/rf9624a/rep.sigstat.z,model_setup/bethesda_slate/rf9624a/rep.sigstat.z,1,unix_pack_static_huffman,internal_pack_static_huffman,partial,121869,272209,272208,no,"pack exceeded expected length before EOB: expected 272208, got 272209"
/Users/dlev2617/Documents/Code/Agents/github-packages/READY-TO-UPLOAD/PUBLIC/paper-1997-03-a-windowed-transportation-planning-model/data/legacy_encoded_originals/legacy_encoded_originals_20260516.zip::model_setup/bethesda_slate/rf9624a/rep.sumtime1.z,model_setup/bethesda_slate/rf9624a/rep.sumtime1.z,1,unix_pack_static_huffman,internal_pack_static_huffman,failed,733,0,1220,no,too many leaves in pack Huffman tree
/Users/dlev2617/Documents/Code/Agents/github-packages/READY-TO-UPLOAD/PUBLIC/paper-1997-03-a-windowed-transportation-planning-model/data/legacy_encoded_originals/legacy_encoded_originals_20260516.zip::model_setup/bethesda_slate/rf9624a/rep.turnpen.Z,model_setup/bethesda_slate/rf9624a/rep.turnpen.Z,1,unix_compress_lzw,internal_compress_lzw,complete,286,478,,yes,compress stream reached clean input exhaustion; no original length field exists
/Users/dlev2617/Documents/Code/Agents/github-packages/READY-TO-UPLOAD/PUBLIC/paper-1997-03-a-windowed-transportation-planning-model/data/legacy_encoded_originals/legacy_encoded_originals_20260516.zip::model_setup/bethesda_slate/rf9624a/rep.turnpen.Z,model_setup/bethesda_slate/rf9624a/rep.turnpen.Z,2,unknown,,terminal_plain_or_unknown,478,478,,yes,no further pack/compress magic detected
/Users/dlev2617/Documents/Code/Agents/github-packages/READY-TO-UPLOAD/PUBLIC/paper-1997-03-a-windowed-transportation-planning-model/data/legacy_encoded_originals/legacy_encoded_originals_20260516.zip::model_setup/bethesda_slate/rf9624a/rep.turnvols.z,model_setup/bethesda_slate/rf9624a/rep.turnvols.z,1,unix_pack_static_huffman,internal_pack_static_huffman,failed,5725,0,20100,no,too many leaves in pack Huffman tree
/Users/dlev2617/Documents/Code/Agents/github-packages/READY-TO-UPLOAD/PUBLIC/paper-1997-03-a-windowed-transportation-planning-model/data/legacy_encoded_originals/legacy_encoded_originals_20260516.zip::model_setup/bethesda_slate/rf9624a/statistics.z,model_setup/bethesda_slate/rf9624a/statistics.z,1,unix_pack_static_huffman,internal_pack_static_huffman,complete,781,1455,1455,yes,pack EOB reached and expected length matched
/Users/dlev2617/Documents/Code/Agents/github-packages/READY-TO-UPLOAD/PUBLIC/paper-1997-03-a-windowed-transportation-planning-model/data/legacy_encoded_originals/legacy_encoded_originals_20260516.zip::model_setup/bethesda_slate/rf9624a/statistics.z,model_setup/bethesda_slate/rf9624a/statistics.z,2,unknown,,terminal_plain_or_unknown,1455,1455,,yes,no further pack/compress magic detected
/Users/dlev2617/Documents/Code/Agents/github-packages/READY-TO-UPLOAD/PUBLIC/paper-1997-03-a-windowed-transportation-planning-model/data/legacy_encoded_originals/legacy_encoded_originals_20260516.zip::model_setup/bethesda_slate/rf9624a/turnvols.in.z,model_setup/bethesda_slate/rf9624a/turnvols.in.z,1,unix_pack_static_huffman,internal_pack_static_huffman,partial,30287,56083,77812,no,"pack length mismatch: expected 77812, got 56083"
/Users/dlev2617/Documents/Code/Agents/github-packages/READY-TO-UPLOAD/PUBLIC/paper-1997-03-a-windowed-transportation-planning-model/data/legacy_encoded_originals/legacy_encoded_originals_20260516.zip::code/legacy/model_setup/bethesda_slate/rf9628a/d231.in.z,code/legacy/model_setup/bethesda_slate/rf9628a/d231.in.z,1,unix_pack_static_huffman,internal_pack_static_huffman,failed,72851,0,181754,no,too many leaves in pack Huffman tree
/Users/dlev2617/Documents/Code/Agents/github-packages/READY-TO-UPLOAD/PUBLIC/paper-1997-03-a-windowed-transportation-planning-model/data/legacy_encoded_originals/legacy_encoded_originals_20260516.zip::model_setup/bethesda_slate/rf9628a/d231.out.z,model_setup/bethesda_slate/rf9628a/d231.out.z,1,unix_pack_static_huffman,internal_pack_static_huffman,partial,67948,33004,165942,no,"pack length mismatch: expected 165942, got 33004"
/Users/dlev2617/Documents/Code/Agents/github-packages/READY-TO-UPLOAD/PUBLIC/paper-1997-03-a-windowed-transportation-planning-model/data/legacy_encoded_originals/legacy_encoded_originals_20260516.zip::model_setup/bethesda_slate/rf9628a/d231.out.Z-A,model_setup/bethesda_slate/rf9628a/d231.out.Z-A,1,unix_compress_lzw,internal_compress_lzw,partial,46781,612,,no,compress invalid code 525 with table end 523
/Users/dlev2617/Documents/Code/Agents/github-packages/READY-TO-UPLOAD/PUBLIC/paper-1997-03-a-windowed-transportation-planning-model/data/legacy_encoded_originals/legacy_encoded_originals_20260516.zip::code/legacy/model_setup/bethesda_slate/rf9628a/plt.vcr9628.Z,code/legacy/model_setup/bethesda_slate/rf9628a/plt.vcr9628.Z,1,unix_compress_lzw,internal_compress_lzw,partial,501583,133,,no,compress invalid code 446 with table end 354
/Users/dlev2617/Documents/Code/Agents/github-packages/READY-TO-UPLOAD/PUBLIC/paper-1997-03-a-windowed-transportation-planning-model/data/legacy_encoded_originals/legacy_encoded_originals_20260516.zip::model_setup/bethesda_slate/rf9628a/rep.521dd.z,model_setup/bethesda_slate/rf9628a/rep.521dd.z,1,unix_pack_static_huffman,internal_pack_static_huffman,failed,16138,0,29190,no,too many leaves in pack Huffman tree
/Users/dlev2617/Documents/Code/Agents/github-packages/READY-TO-UPLOAD/PUBLIC/paper-1997-03-a-windowed-transportation-planning-model/data/legacy_encoded_originals/legacy_encoded_originals_20260516.zip::model_setup/bethesda_slate/rf9628a/rep.611.z,model_setup/bethesda_slate/rf9628a/rep.611.z,1,unix_pack_static_huffman,internal_pack_static_huffman,partial,177777,417405,417404,no,"pack exceeded expected length before EOB: expected 417404, got 417405"
/Users/dlev2617/Documents/Code/Agents/github-packages/READY-TO-UPLOAD/PUBLIC/paper-1997-03-a-windowed-transportation-planning-model/data/legacy_encoded_originals/legacy_encoded_originals_20260516.zip::model_setup/bethesda_slate/rf9628a/rep.critical.z,model_setup/bethesda_slate/rf9628a/rep.critical.z,1,unix_pack_static_huffman,internal_pack_static_huffman,partial,8124,24519,24518,no,"pack exceeded expected length before EOB: expected 24518, got 24519"
/Users/dlev2617/Documents/Code/Agents/github-packages/READY-TO-UPLOAD/PUBLIC/paper-1997-03-a-windowed-transportation-planning-model/data/legacy_encoded_originals/legacy_encoded_originals_20260516.zip::model_setup/bethesda_slate/rf9628a/rep.sigstat.z,model_setup/bethesda_slate/rf9628a/rep.sigstat.z,1,unix_pack_static_huffman,internal_pack_static_huffman,partial,121884,272209,272208,no,"pack exceeded expected length before EOB: expected 272208, got 272209"
/Users/dlev2617/Documents/Code/Agents/github-packages/READY-TO-UPLOAD/PUBLIC/paper-1997-03-a-windowed-transportation-planning-model/data/legacy_encoded_originals/legacy_encoded_originals_20260516.zip::model_setup/bethesda_slate/rf9628a/rep.sumtime1.z,model_setup/bethesda_slate/rf9628a/rep.sumtime1.z,1,unix_pack_static_huffman,internal_pack_static_huffman,failed,734,0,1220,no,too many leaves in pack Huffman tree
/Users/dlev2617/Documents/Code/Agents/github-packages/READY-TO-UPLOAD/PUBLIC/paper-1997-03-a-windowed-transportation-planning-model/data/legacy_encoded_originals/legacy_encoded_originals_20260516.zip::model_setup/bethesda_slate/rf9628a/rep.turnpen.Z,model_setup/bethesda_slate/rf9628a/rep.turnpen.Z,1,unix_compress_lzw,internal_compress_lzw,complete,558,1015,,yes,compress stream reached clean input exhaustion; no original length field exists
/Users/dlev2617/Documents/Code/Agents/github-packages/READY-TO-UPLOAD/PUBLIC/paper-1997-03-a-windowed-transportation-planning-model/data/legacy_encoded_originals/legacy_encoded_originals_20260516.zip::model_setup/bethesda_slate/rf9628a/rep.turnpen.Z,model_setup/bethesda_slate/rf9628a/rep.turnpen.Z,2,unknown,,terminal_plain_or_unknown,1015,1015,,yes,no further pack/compress magic detected
/Users/dlev2617/Documents/Code/Agents/github-packages/READY-TO-UPLOAD/PUBLIC/paper-1997-03-a-windowed-transportation-planning-model/data/legacy_encoded_originals/legacy_encoded_originals_20260516.zip::model_setup/bethesda_slate/rf9628a/rep.turnvols.Z,model_setup/bethesda_slate/rf9628a/rep.turnvols.Z,1,unix_compress_lzw,internal_compress_lzw,partial,5224,2,,no,compress invalid code 259 with table end 257
/Users/dlev2617/Documents/Code/Agents/github-packages/READY-TO-UPLOAD/PUBLIC/paper-1997-03-a-windowed-transportation-planning-model/data/legacy_encoded_originals/legacy_encoded_originals_20260516.zip::model_setup/bethesda_slate/rf9628a/statistics.z,model_setup/bethesda_slate/rf9628a/statistics.z,1,unix_pack_static_huffman,internal_pack_static_huffman,failed,781,0,1455,no,too many leaves in pack Huffman tree
/Users/dlev2617/Documents/Code/Agents/github-packages/READY-TO-UPLOAD/PUBLIC/paper-1997-03-a-windowed-transportation-planning-model/data/legacy_encoded_originals/legacy_encoded_originals_20260516.zip::model_setup/bethesda_slate/rf9628a/turnvols.in.z,model_setup/bethesda_slate/rf9628a/turnvols.in.z,1,unix_pack_static_huffman,internal_pack_static_huffman,partial,11430,10541,29176,no,"pack length mismatch: expected 29176, got 10541"
/Users/dlev2617/Documents/Code/Agents/github-packages/READY-TO-UPLOAD/PUBLIC/paper-1997-03-a-windowed-transportation-planning-model/data/legacy_encoded_originals/legacy_encoded_originals_20260516.zip::model_setup/bethesda_slate/rf9629a/d231.in.z,model_setup/bethesda_slate/rf9629a/d231.in.z,1,unix_pack_static_huffman,internal_pack_static_huffman,failed,72790,0,181754,no,too many leaves in pack Huffman tree
/Users/dlev2617/Documents/Code/Agents/github-packages/READY-TO-UPLOAD/PUBLIC/paper-1997-03-a-windowed-transportation-planning-model/data/legacy_encoded_originals/legacy_encoded_originals_20260516.zip::model_setup/bethesda_slate/rf9629a/d231.out.z,model_setup/bethesda_slate/rf9629a/d231.out.z,1,unix_pack_static_huffman,internal_pack_static_huffman,partial,67864,18394,165942,no,"pack length mismatch: expected 165942, got 18394"
/Users/dlev2617/Documents/Code/Agents/github-packages/READY-TO-UPLOAD/PUBLIC/paper-1997-03-a-windowed-transportation-planning-model/data/legacy_encoded_originals/legacy_encoded_originals_20260516.zip::model_setup/bethesda_slate/rf9629a/d231.out.Z-A,model_setup/bethesda_slate/rf9629a/d231.out.Z-A,1,unix_compress_lzw,internal_compress_lzw,partial,46502,3660,,no,compress invalid code 1474 with table end 1295
/Users/dlev2617/Documents/Code/Agents/github-packages/READY-TO-UPLOAD/PUBLIC/paper-1997-03-a-windowed-transportation-planning-model/data/legacy_encoded_originals/legacy_encoded_originals_20260516.zip::code/legacy/model_setup/bethesda_slate/rf9629a/plt.vcr9629.Z,code/legacy/model_setup/bethesda_slate/rf9629a/plt.vcr9629.Z,1,unix_compress_lzw,internal_compress_lzw,partial,498949,133,,no,compress invalid code 446 with table end 354
/Users/dlev2617/Documents/Code/Agents/github-packages/READY-TO-UPLOAD/PUBLIC/paper-1997-03-a-windowed-transportation-planning-model/data/legacy_encoded_originals/legacy_encoded_originals_20260516.zip::model_setup/bethesda_slate/rf9629a/rep.521dd.z,model_setup/bethesda_slate/rf9629a/rep.521dd.z,1,unix_pack_static_huffman,internal_pack_static_huffman,failed,16054,0,29070,no,too many leaves in pack Huffman tree
/Users/dlev2617/Documents/Code/Agents/github-packages/READY-TO-UPLOAD/PUBLIC/paper-1997-03-a-windowed-transportation-planning-model/data/legacy_encoded_originals/legacy_encoded_originals_20260516.zip::model_setup/bethesda_slate/rf9629a/rep.611.z,model_setup/bethesda_slate/rf9629a/rep.611.z,1,unix_pack_static_huffman,internal_pack_static_huffman,partial,177743,417252,417251,no,"pack exceeded expected length before EOB: expected 417251, got 417252"
/Users/dlev2617/Documents/Code/Agents/github-packages/READY-TO-UPLOAD/PUBLIC/paper-1997-03-a-windowed-transportation-planning-model/data/legacy_encoded_originals/legacy_encoded_originals_20260516.zip::model_setup/bethesda_slate/rf9629a/rep.critical.z,model_setup/bethesda_slate/rf9629a/rep.critical.z,1,unix_pack_static_huffman,internal_pack_static_huffman,partial,8123,24519,24518,no,"pack exceeded expected length before EOB: expected 24518, got 24519"
/Users/dlev2617/Documents/Code/Agents/github-packages/READY-TO-UPLOAD/PUBLIC/paper-1997-03-a-windowed-transportation-planning-model/data/legacy_encoded_originals/legacy_encoded_originals_20260516.zip::model_setup/bethesda_slate/rf9629a/rep.sigstat.z,model_setup/bethesda_slate/rf9629a/rep.sigstat.z,1,unix_pack_static_huffman,internal_pack_static_huffman,partial,121845,272209,272208,no,"pack exceeded expected length before EOB: expected 272208, got 272209"
/Users/dlev2617/Documents/Code/Agents/github-packages/READY-TO-UPLOAD/PUBLIC/paper-1997-03-a-windowed-transportation-planning-model/data/legacy_encoded_originals/legacy_encoded_originals_20260516.zip::model_setup/bethesda_slate/rf9629a/rep.sumtime1.z,model_setup/bethesda_slate/rf9629a/rep.sumtime1.z,1,unix_pack_static_huffman,internal_pack_static_huffman,failed,734,0,1220,no,too many leaves in pack Huffman tree
/Users/dlev2617/Documents/Code/Agents/github-packages/READY-TO-UPLOAD/PUBLIC/paper-1997-03-a-windowed-transportation-planning-model/data/legacy_encoded_originals/legacy_encoded_originals_20260516.zip::model_setup/bethesda_slate/rf9629a/rep.turnpen.Z,model_setup/bethesda_slate/rf9629a/rep.turnpen.Z,1,unix_compress_lzw,internal_compress_lzw,complete,550,1001,,yes,compress stream reached clean input exhaustion; no original length field exists
/Users/dlev2617/Documents/Code/Agents/github-packages/READY-TO-UPLOAD/PUBLIC/paper-1997-03-a-windowed-transportation-planning-model/data/legacy_encoded_originals/legacy_encoded_originals_20260516.zip::model_setup/bethesda_slate/rf9629a/rep.turnpen.Z,model_setup/bethesda_slate/rf9629a/rep.turnpen.Z,2,unknown,,terminal_plain_or_unknown,1001,1001,,yes,no further pack/compress magic detected
/Users/dlev2617/Documents/Code/Agents/github-packages/READY-TO-UPLOAD/PUBLIC/paper-1997-03-a-windowed-transportation-planning-model/data/legacy_encoded_originals/legacy_encoded_originals_20260516.zip::model_setup/bethesda_slate/rf9629a/rep.turnvols.z,model_setup/bethesda_slate/rf9629a/rep.turnvols.z,1,unix_pack_static_huffman,internal_pack_static_huffman,failed,5702,0,20100,no,too many leaves in pack Huffman tree
/Users/dlev2617/Documents/Code/Agents/github-packages/READY-TO-UPLOAD/PUBLIC/paper-1997-03-a-windowed-transportation-planning-model/data/legacy_encoded_originals/legacy_encoded_originals_20260516.zip::model_setup/bethesda_slate/rf9629a/turnvols.in.z,model_setup/bethesda_slate/rf9629a/turnvols.in.z,1,unix_pack_static_huffman,internal_pack_static_huffman,partial,30252,77549,77728,no,"pack length mismatch: expected 77728, got 77549"
